{"cameraMode":{"drawMode":0,"name":"Shaded","section":"Shading Mode"},"sceneLighting":true,"audioPlay":false,"sceneViewState":{"m_AlwaysRefresh":false,"showFog":true,"showSkybox":true,"showFlares":true,"showImageEffects":true,"showParticleSystems":true,"showVisualEffectGraphs":true,"m_FxEnabled":true},"in2DMode":false,"pivot":{"x":-6.980985164642334,"y":0.8153687715530396,"z":-0.024260282516479493},"rotation":{"x":0.052167318761348727,"y":-0.0068931542336940769,"z":-0.00037045677891001105,"w":-0.9986396431922913},"size":0.7942001819610596,"orthographic":false}