{"cameraMode":{"drawMode":0,"name":"Shaded","section":"Shading Mode"},"sceneLighting":true,"audioPlay":false,"sceneViewState":{"m_AlwaysRefresh":false,"showFog":true,"showSkybox":true,"showFlares":true,"showImageEffects":true,"showParticleSystems":true,"showVisualEffectGraphs":true,"m_FxEnabled":true},"in2DMode":false,"pivot":{"x":1682.6766357421875,"y":290.0181579589844,"z":27.1573486328125},"rotation":{"x":-0.0003084469644818455,"y":0.03509067744016647,"z":-0.00002119512646459043,"w":-0.9994097352027893},"size":291.9112854003906,"orthographic":false}