{"cameraMode":{"drawMode":0,"name":"Shaded","section":"Shading Mode"},"sceneLighting":true,"audioPlay":false,"sceneViewState":{"m_AlwaysRefresh":false,"showFog":true,"showSkybox":true,"showFlares":true,"showImageEffects":true,"showParticleSystems":true,"showVisualEffectGraphs":true,"m_FxEnabled":true},"in2DMode":false,"pivot":{"x":1033.9017333984375,"y":585.2591552734375,"z":-5.7615814208984379},"rotation":{"x":0.052167318761348727,"y":-0.0068931542336940769,"z":-0.00037045677891001105,"w":-0.9986396431922913},"size":72.11471557617188,"orthographic":false}