{"cameraMode":{"drawMode":0,"name":"Shaded","section":"Shading Mode"},"sceneLighting":true,"audioPlay":false,"sceneViewState":{"m_AlwaysRefresh":false,"showFog":true,"showSkybox":true,"showFlares":true,"showImageEffects":true,"showParticleSystems":true,"showVisualEffectGraphs":true,"m_FxEnabled":true},"in2DMode":false,"pivot":{"x":0.8838227987289429,"y":0.08524788916110993,"z":-0.4916369915008545},"rotation":{"x":-0.030175456777215005,"y":-0.024459324777126313,"z":0.0006893082172609866,"w":-0.9992813467979431},"size":2.271305561065674,"orthographic":false}