{"cameraMode":{"drawMode":0,"name":"Shaded","section":"Shading Mode"},"sceneLighting":true,"audioPlay":false,"sceneViewState":{"m_AlwaysRefresh":false,"showFog":true,"showSkybox":true,"showFlares":true,"showImageEffects":true,"showParticleSystems":true,"showVisualEffectGraphs":true,"m_FxEnabled":true},"in2DMode":false,"pivot":{"x":2.565434455871582,"y":1.575575590133667,"z":-0.1928725242614746},"rotation":{"x":0.08357524126768112,"y":-0.021824263036251069,"z":-0.0018411071505397559,"w":-0.9962875247001648},"size":3.7110722064971926,"orthographic":false}