{"cameraMode":{"drawMode":0,"name":"Shaded","section":"Shading Mode"},"sceneLighting":true,"audioPlay":false,"sceneViewState":{"m_AlwaysRefresh":false,"showFog":true,"showSkybox":true,"showFlares":true,"showImageEffects":true,"showParticleSystems":true,"showVisualEffectGraphs":true,"m_FxEnabled":true},"in2DMode":false,"pivot":{"x":21.466453552246095,"y":9.373311996459961,"z":-0.9377994537353516},"rotation":{"x":-0.030175456777215005,"y":-0.024459324777126313,"z":0.0006893082172609866,"w":-0.9992813467979431},"size":62.90564727783203,"orthographic":false}