{"cameraMode":{"drawMode":0,"name":"Shaded","section":"Shading Mode"},"sceneLighting":true,"audioPlay":false,"sceneViewState":{"m_AlwaysRefresh":false,"showFog":true,"showSkybox":true,"showFlares":true,"showImageEffects":true,"showParticleSystems":true,"showVisualEffectGraphs":true,"m_FxEnabled":true},"in2DMode":false,"pivot":{"x":-20.19155502319336,"y":3.260481119155884,"z":11.693282127380371},"rotation":{"x":0.05214938148856163,"y":0.026058945804834367,"z":0.0013629088643938304,"w":-0.9983105063438416},"size":19.44306182861328,"orthographic":false}