{"cameraMode":{"drawMode":0,"name":"Shaded","section":"Shading Mode"},"sceneLighting":true,"audioPlay":false,"sceneViewState":{"m_AlwaysRefresh":false,"showFog":true,"showSkybox":true,"showFlares":true,"showImageEffects":true,"showParticleSystems":true,"showVisualEffectGraphs":true,"m_FxEnabled":true},"in2DMode":false,"pivot":{"x":20.882766723632814,"y":9.667885780334473,"z":-5.7658843994140629},"rotation":{"x":0.053347524255514148,"y":-0.10853351652622223,"z":-0.005843265913426876,"w":-0.992669939994812},"size":24.4327335357666,"orthographic":false}