{"cameraMode":{"drawMode":0,"name":"Shaded","section":"Shading Mode"},"sceneLighting":true,"audioPlay":false,"sceneViewState":{"m_AlwaysRefresh":false,"showFog":true,"showSkybox":true,"showFlares":true,"showImageEffects":true,"showParticleSystems":true,"showVisualEffectGraphs":true,"m_FxEnabled":true},"in2DMode":false,"pivot":{"x":1.8635128736495972,"y":-3.866882801055908,"z":15.240494728088379},"rotation":{"x":0.14785337448120118,"y":0.06215166300535202,"z":-0.00926013570278883,"w":0.9870351552963257},"size":8.887421607971192,"orthographic":false}