{"cameraMode":{"drawMode":0,"name":"Shaded","section":"Shading Mode"},"sceneLighting":true,"audioPlay":false,"sceneViewState":{"m_AlwaysRefresh":false,"showFog":true,"showSkybox":true,"showFlares":true,"showImageEffects":true,"showParticleSystems":true,"showVisualEffectGraphs":true,"m_FxEnabled":true},"in2DMode":false,"pivot":{"x":11.54130744934082,"y":1.9070414304733277,"z":-0.11704349517822266},"rotation":{"x":0.052167318761348727,"y":-0.0068931542336940769,"z":-0.00037045677891001105,"w":-0.9986396431922913},"size":6.5842390060424809,"orthographic":false}