{"cameraMode":{"drawMode":0,"name":"Shaded","section":"Shading Mode"},"sceneLighting":true,"audioPlay":false,"sceneViewState":{"m_AlwaysRefresh":false,"showFog":true,"showSkybox":true,"showFlares":true,"showImageEffects":true,"showParticleSystems":true,"showVisualEffectGraphs":true,"m_FxEnabled":true},"in2DMode":false,"pivot":{"x":-1.865103006362915,"y":-2.204660415649414,"z":15.843456268310547},"rotation":{"x":0.06752380728721619,"y":-0.05695883557200432,"z":0.003908832557499409,"w":0.9961082339286804},"size":8.367905616760254,"orthographic":false}