{"cameraMode":{"drawMode":0,"name":"Shaded","section":"Shading Mode"},"sceneLighting":true,"audioPlay":false,"sceneViewState":{"m_AlwaysRefresh":false,"showFog":true,"showSkybox":true,"showFlares":true,"showImageEffects":true,"showParticleSystems":true,"showVisualEffectGraphs":true,"m_FxEnabled":true},"in2DMode":false,"pivot":{"x":26.559085845947267,"y":1.5900835990905762,"z":-1.6588897705078126},"rotation":{"x":-0.030175456777215005,"y":-0.024459324777126313,"z":0.0006893082172609866,"w":-0.9992813467979431},"size":41.563602447509769,"orthographic":false}