{"cameraMode":{"drawMode":0,"name":"Shaded","section":"Shading Mode"},"sceneLighting":false,"audioPlay":false,"sceneViewState":{"m_AlwaysRefresh":false,"showFog":true,"showSkybox":false,"showFlares":true,"showImageEffects":true,"showParticleSystems":true,"showVisualEffectGraphs":true,"m_FxEnabled":true},"in2DMode":false,"pivot":{"x":0.3643075227737427,"y":1.2108114957809449,"z":1.427154779434204},"rotation":{"x":-0.0003084469644818455,"y":0.03509067744016647,"z":-0.00002119512646459043,"w":-0.9994097352027893},"size":3.020918846130371,"orthographic":false}