{"cameraMode":{"drawMode":0,"name":"Shaded","section":"Shading Mode"},"sceneLighting":false,"audioPlay":false,"sceneViewState":{"m_AlwaysRefresh":false,"showFog":true,"showSkybox":false,"showFlares":true,"showImageEffects":true,"showParticleSystems":true,"showVisualEffectGraphs":true,"m_FxEnabled":true},"in2DMode":false,"pivot":{"x":0.09353861212730408,"y":2.0399999618530275,"z":-9.845110893249512},"rotation":{"x":0.052167318761348727,"y":-0.0068931542336940769,"z":-0.00037045677891001105,"w":-0.9986396431922913},"size":0.46346524357795718,"orthographic":false}